<?xml version="1.0" encoding="UTF-8"?>
<project-private xmlns="http://www.netbeans.org/ns/project-private/1">
    <editor-bookmarks xmlns="http://www.netbeans.org/ns/editor-bookmarks/2" lastBookmarkId="0"/>
    <open-files xmlns="http://www.netbeans.org/ns/projectui-open-files/2">
        <group>
            <file>file:/E:/Downloads/lab3p1.X/lab3p1.X/lab3p1.X/main.c</file>
            <file>file:/E:/Downloads/lab3p1.X/lab3p1.X/lab3p1.X/adc.c</file>
            <file>file:/E:/Downloads/lab3p1.X/lab3p1.X/lab3p1.X/interrupt.c</file>
            <file>file:/E:/Downloads/lab3p1.X/lab3p1.X/lab3p1.X/pwm.c</file>
            <file>file:/E:/Downloads/lab3p1.X/lab3p1.X/lab3p1.X/lcd.c</file>
            <file>file:/E:/Downloads/lab3p1.X/lab3p1.X/lab3p1.X/timer.c</file>
        </group>
    </open-files>
</project-private>
