<?xml version="1.0" encoding="UTF-8"?>
<project-private xmlns="http://www.netbeans.org/ns/project-private/1">
    <editor-bookmarks xmlns="http://www.netbeans.org/ns/editor-bookmarks/2" lastBookmarkId="0"/>
    <open-files xmlns="http://www.netbeans.org/ns/projectui-open-files/2">
        <group>
            <file>file:/C:/Users/Brit%20Briggs/Downloads/lab2p2.X/lab2p2.X/switch.c</file>
            <file>file:/C:/Users/Brit%20Briggs/Downloads/lab2p2.X/lab2p2.X/switch.h</file>
            <file>file:/C:/Users/Brit%20Briggs/Downloads/lab2p2.X/lab2p2.X/nbproject/Makefile-default.mk</file>
            <file>file:/C:/Users/Brit%20Briggs/Downloads/lab2p2.X/lab2p2.X/main.c</file>
            <file>file:/C:/Users/Brit%20Briggs/Downloads/lab2p2.X/lab2p2.X/lcd.c</file>
            <file>file:/C:/Users/Brit%20Briggs/Downloads/lab2p2.X/lab2p2.X/keypad.h</file>
        </group>
    </open-files>
</project-private>
