<?xml version="1.0" encoding="UTF-8"?>
<project-private xmlns="http://www.netbeans.org/ns/project-private/1">
    <editor-bookmarks xmlns="http://www.netbeans.org/ns/editor-bookmarks/2" lastBookmarkId="0"/>
    <open-files xmlns="http://www.netbeans.org/ns/projectui-open-files/2">
        <group>
            <file>file:/C:/Users/Brit%20Briggs/Downloads/lab2p1.X%20(2)/lab2p1.X/keypad.c</file>
            <file>file:/C:/Users/Brit%20Briggs/Downloads/lab2p1.X%20(2)/lab2p1.X/timer.c</file>
            <file>file:/C:/Users/Brit%20Briggs/Downloads/lab2p1.X%20(2)/lab2p1.X/lcd.c</file>
            <file>file:/C:/Users/Brit%20Briggs/Downloads/lab2p1.X%20(2)/lab2p1.X/main.c</file>
            <file>file:/C:/Users/Brit%20Briggs/Downloads/lab2p1.X%20(2)/lab2p1.X/leds.c</file>
        </group>
    </open-files>
</project-private>
